{"rele":0,"tensao":120,"corrente":0.326807,"temperatura":27.94434}