{"rele":1,"tensao":17.89512,"corrente":1.339345e-12,"temperatura":30}